SolventC_Smiles,SolventD_Smiles,SolventE——Smiles
C1=CC=C(C=C1)CO,C(CO)O,CC1=CC=CC=C1
C1=CC=C(C=C1)CO,C(CO)O,CC1=CC=CC=C1
C1=CC=C(C=C1)CO,C(CO)O,CC1=CC=CC=C1
C1=CC=C(C=C1)CO,C(CO)O,CC1=CC=CC=C1
CC1=CC=CC=C1,C1=CC=C(C=C1)CO,CN1CCCC1=O
CC1=CC=CC=C1,C1=CC=C(C=C1)CO,CN1CCCC1=O
CC1=CC=CC=C1,C1=CC=C(C=C1)CO,CN1CCCC1=O
CC1=CC=CC=C1,C1=CC=C(C=C1)CO,CN1CCCC1=O
C(CO)O,CCCCN,CN1CCCC1=O
C(CO)O,CCCCN,CN1CCCC1=O
C(CO)O,CCCCN,CN1CCCC1=O
C(CO)O,CCCCN,CN1CCCC1=O
CC1=CC=CC=C1,CN1CCCC1=O,CO
CC1=CC=CC=C1,CN1CCCC1=O,CO
CC1=CC=CC=C1,CN1CCCC1=O,CO
CC1=CC=CC=C1,CN1CCCC1=O,CO
CC1=CC=CC=C1,C1=CC=C(C=C1)CO,CO
CC1=CC=CC=C1,C1=CC=C(C=C1)CO,CO
CN1CCCC1=O,CCCCCCCC,CC(=O)O
CN1CCCC1=O,CCCCCCCC,CC(=O)O
CN1CCCC1=O,CCCCCCCC,CC(=O)O
CN1CCCC1=O,CCCCCCCC,CC(=O)O
CC#N,CCCCCC,CCCCN
CC#N,CCCCCC,CCCCN
CC#N,CCCCCC,CCCCN
CC#N,CCCCCC,CCCCN
CC(=O)N(C)C,CO,CCOC(=O)C
CC(=O)N(C)C,CO,CCOC(=O)C
CC(=O)N(C)C,CO,CCOC(=O)C
CC(=O)N(C)C,CO,CCOC(=O)C
CC1=CC=CC=C1,CN1CCCC1=O,C1CC(=O)OC1
CC1=CC=CC=C1,CN1CCCC1=O,C1CC(=O)OC1
CC1=CC=CC=C1,C1=CC=C(C=C1)CO,C1CC(=O)OC1
CC1=CC=CC=C1,C1=CC=C(C=C1)CO,C1CC(=O)OC1
CC1=CC=CC=C1,C1=CC=C(C=C1)CO,C1CC(=O)OC1
CC1=CC=CC=C1,C1=CC=C(C=C1)CO,C1CC(=O)OC1
CC1=CC=CC=C1,CC(C)O,C1CC(=O)OC1
CC1=CC=CC=C1,CC(C)O,C1CC(=O)OC1
CC1=CC=CC=C1,CC(C)O,C1CC(=O)OC1
CC1=CC=CC=C1,CC(C)O,C1CC(=O)OC1
CCCCCC,CC(C)O,C1CC(=O)OC1
CCCCCC,CC(C)O,C1CC(=O)OC1
CCCCCC,CC(C)O,C1CC(=O)OC1
CCCCCC,CC(C)O,C1CC(=O)OC1
CC(C)O,C1CC(=O)OC1,CC(CO)O
CCO,C1CC(=O)OC1,CC(CO)O
CCO,C1CC(=O)OC1,CC(CO)O
CCO,C1CC(=O)OC1,CC(CO)O
CC#N,CC1=CC=CC=C1,CCCCCC
CO,CC(=O)C,CCCCCC
CO,CC(=O)C,CCCCCC
CO,CC(=O)C,CCCCCC
CO,CC(=O)C,CCCCCC
C1CC(=O)OC1,CN1CCCC1=O,CCCCCCCC
C1CC(=O)OC1,CN1CCCC1=O,CCCCCCCC
C1CC(=O)OC1,CN1CCCC1=O,CCCCCCCC
C1CC(=O)OC1,CN1CCCC1=O,CCCCCCCC
CC(=O)C,CC(=O)O,CCCCCCCC
CC(=O)C,CC(=O)O,CCCCCCCC
CC(=O)C,CC(=O)O,CCCCCCCC
CC(=O)C,CC(=O)O,CCCCCCCC
CC(CO)O,CCCCCC,CCCCCCCC
CC(CO)O,CCCCCC,CCCCCCCC
CC(CO)O,CCCCCC,CCCCCCCC
CC(CO)O,CCCCCC,CCCCCCCC
CCOC(=O)C,CO,CC(C)O
CCOC(=O)C,CO,CC(C)O
CCOC(=O)C,CO,CC(C)O
CCOC(=O)C,CO,CC(C)O
CCCCCCCC,CC#N,CC(C)O
CCCCCCCC,CC#N,CC(C)O
CCCCCCCC,CC#N,CC(C)O
CCCCCCCC,CC#N,CC(C)O
C1=CC=C(C(=C1)Cl)Cl,CC(CO)O,CCO
C1=CC=C(C(=C1)Cl)Cl,CC(CO)O,CCO
C1=CC=C(C(=C1)Cl)Cl,CC(CO)O,CCO
C1=CC=C(C(=C1)Cl)Cl,CC(CO)O,CCO
C1=CC=C(C=C1)CO,CC(=O)O,C1=CC=C(C(=C1)Cl)Cl
C1CC(=O)OC1,CC(=O)N(C)C,C1=CC=C(C(=C1)Cl)Cl
C1CC(=O)OC1,CC(=O)N(C)C,C1=CC=C(C(=C1)Cl)Cl
C1CC(=O)OC1,CC(=O)N(C)C,C1=CC=C(C(=C1)Cl)Cl
C1CC(=O)OC1,CC(=O)N(C)C,C1=CC=C(C(=C1)Cl)Cl
CC(C)O,CC1=CC=CC=C1,CC(=O)N(C)C
CC(C)O,CC1=CC=CC=C1,CC(=O)N(C)C
CC(C)O,CC1=CC=CC=C1,CC(=O)N(C)C
CC(C)O,CC1=CC=CC=C1,CC(=O)N(C)C
CC(=O)O,CCCCN,CC(=O)N(C)C
CCOC(=O)C,C1=CC=C(C=C1)CO,CCN(CC)CC
CO,CCOC(=O)C,CCN(CC)CC
CC1=CC=CC=C1,CN1CCCC1=O,CC(=O)C
CC1=CC=CC=C1,CN1CCCC1=O,CC(=O)C
CC1=CC=CC=C1,CN1CCCC1=O,CC(=O)C
CC1=CC=CC=C1,CN1CCCC1=O,CC(=O)C
CN1CCCC1=O,C1CC(=O)OC1,CC(=O)C
CN1CCCC1=O,C1CC(=O)OC1,CC(=O)C
CCCCN,CCO,CC(=O)C
CCCCN,CCO,CC(=O)C
CCCCN,CCO,CC(=O)C
CCCCN,CCO,CC(=O)C
CC(CO)O,CCN(CC)CC,C(CO)O
CC(CO)O,CCN(CC)CC,C(CO)O
CC(CO)O,CCN(CC)CC,C(CO)O
CC(CO)O,CCN(CC)CC,C(CO)O
